Account Executive,Sales & Marketing,Regular,Hamburg
Account Executive,Sales & Marketing,Regular,Paris
Account Executive,Sales & Marketing,Regular,New York 
Account Executive,Sales & Marketing,Regular,London
Account Executive,Sales & Marketing,Regular,Toronto
Accounting Manager,Finance & Accounting,Regular,Ukraine
Account Manager,Sales & Marketing,Regular,San Francisco
Account Manager,Sales & Marketing,Regular,Hamburg
Account Manager,Sales & Marketing,Regular,London
Account Specialist,Sales & Marketing,Regular,Los Angeles
Ad Operations Associate,Ad Operations,Regular,New York 
Ad Review Specialist,Customer Operations,Regular,Los Angeles
Android Engineer,Camera Platform,Regular,Los Angeles
Android Engineer,Engineering,Regular,Los Angeles
Assistant Story Editor (Part-Time),Content,Regular,London
Assistant Story Editor (Part-Time),Content,Regular,New York 
"Audience Development, Shows",Content,Fixed-Term,Los Angeles
Australia Marketing Manager,Sales & Marketing,Regular,Sydney
AV Deployment Engineer,Information Technology,Regular,London
AV Escalation Technician,Information Technology,Regular,New York 
AV Technician,Information Technology,Regular,Los Angeles
Backend Software Engineer,Camera Platform,Regular,Los Angeles
Business Marketer,Sales & Marketing,Regular,Los Angeles
Commercial Counsel,Legal,Regular,London
Council Facilitator (Part-Time),Human Resources,Regular,Toronto
Council Facilitator (Part-Time),Human Resources,Regular,Sydney
"Counsel, Media & Technology - Hardware & Technology Transactions",Legal,Regular,Los Angeles
"Counsel, Media & Technology, Placed",Legal,Regular,Seattle
"Counsel, Revenue & Marketing",Legal,Regular,Los Angeles
Data Engineer,Engineering,Regular,Los Angeles
Data Scientist,Engineering,Regular,Los Angeles
"Data Scientist, Revenue Analytics",Revenue Product & Programs,Regular,Los Angeles
Employment Counsel,Legal,Regular,Los Angeles
Friending Backend Software Engineering Manager,Engineering,Regular,Seattle
Front End Software Engineer,Camera Platform,Regular,Los Angeles
Front End Software Engineer,Engineering,Regular,Los Angeles
Growth Marketing Manager,Growth,Regular,Los Angeles
HR Generalist,Human Resources,Regular,New York 
Information Security Engineer,Engineering,Regular,Switzerland
Information Security Engineer,Engineering,Regular,Los Angeles
Information Security Engineer,Engineering,Regular,San Francisco
Interactive Engineer,Camera Platform,Regular,Los Angeles
iOS Engineer,Engineering,Regular,Los Angeles
IT Applications Engineer,Information Technology,Regular,Los Angeles
IT Infrastructure Builds Technician,Information Technology,Regular,Los Angeles
IT Infrastructure Builds Technician,Information Technology,Regular,London
Litigation Paralegal,Legal,Regular,Los Angeles
"Manager, Software Engineering",Engineering,Regular,Seattle
"Manager, Software Engineering",Engineering,Regular,Los Angeles
Marketing Operations Analyst,Sales & Marketing,Regular,Los Angeles
Measurement Lead,Revenue Operations,Regular,Dubai
Measurement Lead,Revenue Operations,Regular,Sydney
Measurement Lead,Revenue Operations,Regular,San Francisco
Measurement Lead,Revenue Operations,Regular,New York 
Media Planner/Buyer,Sales & Marketing,Regular,Los Angeles
Network Engineer,Information Technology,Regular,Los Angeles
"Pricing & Yield Manager, Strategy and Implementation",Revenue Operations,Regular,Los Angeles
Privacy Engineer,Engineering,Regular,Los Angeles
"Producer, News",Content,Regular,Los Angeles
"Producer, Politics",Content,Regular,Los Angeles
"Product Counsel, Placed",Legal,Regular,Seattle
Product Designer,Design,Regular,Los Angeles
Production Pipeline Supervisor,Sales & Marketing,Regular,Los Angeles
"Product Manager, Content",Content,Regular,Los Angeles
"Product Manager, Friending Platform",Growth,Regular,Seattle
"Product Manager, Performance",Growth,Regular,Los Angeles
"Product Manager, Revenue",Revenue Product & Programs,Regular,Los Angeles
"Product Manager, Revenue – Measurement",Revenue Product & Programs,Regular,Los Angeles
"Product Manager, Revenue - Sponsored Creative Tools",Revenue Product & Programs,Regular,Los Angeles
"Product Quality Lead, Ad Support",Customer Operations,Regular,Los Angeles
Product Strategy Manager,Content,Regular,Los Angeles
Protective Services Advisor,Security,Regular,Los Angeles
QA Engineer,Engineering,Regular,Seattle
QA Engineer,Engineering,Regular,New York 
QA Engineer,Engineering,Regular,Los Angeles
"QA Engineer, Automation",Camera Platform,Regular,Los Angeles
Release Engineer,Camera Platform,Regular,Los Angeles
Release Engineer,Engineering,Regular,Los Angeles
Reporting & Insights Analyst,Customer Operations,Regular,Los Angeles
Research Engineer,Research ,Regular,Los Angeles
"Research Engineer, Computer Vision",Camera Platform,Regular,Los Angeles
"Research Engineer, Computer Vision",Camera Platform,Regular,London
"Research Engineer, Machine Learning",Camera Platform,Regular,Los Angeles
"Research, New Ph.D. Grad/Post Doctorate",Research ,Regular,Los Angeles
Research Scientist,Research ,Regular,San Francisco
Research Scientist,Research ,Regular,Los Angeles
Research Scientist,Research ,Regular,Seattle
Residential Security Officer,Security,Regular,Los Angeles
Salesforce Administrator,Sales & Marketing,Regular,Los Angeles
Salesforce Developer,Sales & Marketing,Regular,Los Angeles
Sales Manager,Sales & Marketing,Regular,London
Sales Operations Manager,Revenue Operations,Regular,Los Angeles
"Security Engineer, Detection & Response",Engineering,Regular,Los Angeles
"Security Engineer, Detection & Response",Engineering,Regular,Switzerland
"Security Engineer, Infrastructure Protection",Engineering,Regular,Seattle
"Security Engineer, Infrastructure Protection",Engineering,Regular,Los Angeles
"Security Engineer, Infrastructure Protection",Engineering,Regular,Switzerland
"Security Engineer, Spam & Abuse",Engineering,Regular,Los Angeles
Security Lead,Security,Regular,Los Angeles
Security Technical Program Manager,Engineering,Regular,Los Angeles
Senior Accountant,Finance & Accounting,Regular,London
"Senior Accountant, Revenue",Finance & Accounting,Regular,Los Angeles
"Senior Accountant, Technical Reporting",Finance & Accounting,Regular,Los Angeles
Senior Ad Review Specialist,Customer Operations,Regular,London
Senior Android Engineer,Engineering,Regular,Mountain View
Senior App Support Specialist,Customer Operations,Regular,Los Angeles
Senior Business Support Specialist,Customer Operations,Regular,London
Senior Creative Strategist,Sales & Marketing,Regular,Paris
"Senior Financial Analyst, Sales Finance",Finance & Accounting,Regular,Chicago
"Senior Financial Analyst, Sales Finance",Finance & Accounting,Regular,Sydney
Senior HR Team Advisor,Human Resources,Regular,Los Angeles
Senior iOS Engineer,Engineering,Regular,Mountain View
Senior Lead Security Officer,Security,Regular,Los Angeles
"Senior Manager, Tax Accounting & Compliance",Finance & Accounting,Regular,Los Angeles
Senior Marketing Science Analyst,Revenue Operations,Regular,New York 
Senior SMB Agency Specialist,Inside Sales,Regular,Los Angeles
Senior SMB Sales Specialist,Inside Sales,Regular,Los Angeles
"Senior Software Engineer, Enterprise Web Applications",Engineering,Regular,Los Angeles
SMB Agency Specialist,Inside Sales,Regular,Los Angeles
SMB Partnerships Senior Associate,Sales & Marketing,Regular,Los Angeles
Software Engineer,Engineering,Regular,Seattle
Software Engineer,Engineering,Regular,London
Software Engineer,Engineering,Regular,New York 
Software Engineer,Engineering,Regular,Lehi
Software Engineer,Engineering,Regular,Los Angeles
"Software Engineer, App Hardening",Engineering,Regular,Switzerland
"Software Engineer, C++",Camera Platform,Regular,Los Angeles
"Software Engineer, Computer Vision",Camera Platform,Regular,London
"Software Engineer, C++/Qt",Camera Platform,Regular,Los Angeles
"Software Engineer, Infrastructure",Engineering,Regular,Sydney
"Software Engineer, Machine Learning",Camera Platform,Regular,Los Angeles
"Software Engineer, Test Platform",Engineering,Regular,Los Angeles
Software Engineer - University Grad 2018,Engineering,Regular,Los Angeles
System Development Operations Engineer,Engineering,Regular,Los Angeles
Systems Engineer,Information Technology,Regular,Los Angeles
Technical Artist,Camera Platform,Regular,Los Angeles
Technical Lead,Bitmoji,Regular,Toronto
Technical Lead,Engineering,Regular,Los Angeles
Technical Program Manager,Engineering,Regular,Los Angeles
Technical Program Manager,Information Technology,Regular,Los Angeles
Vendor Operations Program Manager,Customer Operations,Regular,Los Angeles
Workplace Services Operator,Security,Regular,Los Angeles
Ad Operations Coordinator (Contract),Ad Operations,Agency Contractor,Toronto
Associate Talent Sourcer (Contract),Talent Acquisition,Agency Contractor,Los Angeles
Content Review Associate (Contract),Content,Agency Contractor,Los Angeles
Copy Editor (Contract),Content,Agency Contractor,London
Copy Editor (Contract),Content,Agency Contractor,Los Angeles
"Country Consultant, India (Contract)",Language Ambassador Program,Independent Contractor,Remote
"Language Ambassador, Arabic (Contract)",Language Ambassador Program,Independent Contractor,Remote
"Language Ambassador, Chinese (Contract)",Language Ambassador Program,Independent Contractor,Remote
"Language Ambassador, Hebrew (Contract)",Language Ambassador Program,Independent Contractor,Remote
"Language Ambassador, Japanese (Contract)",Language Ambassador Program,Independent Contractor,Remote
"Language Ambassador, Korean (Contract)",Language Ambassador Program,Independent Contractor,Remote
"Language Ambassador, Polish (Contract)",Language Ambassador Program,Independent Contractor,Remote
"Language Ambassador, Turkish (Contract)",Language Ambassador Program,Independent Contractor,Remote
Patent Counsel (Contract),Legal,Agency Contractor,Los Angeles
Pricing & Yield Coordinator (Contract),Revenue Operations,Agency Contractor,Los Angeles
QA Engineer (Contract),Engineering,Agency Contractor,Los Angeles
Sales Coordinator (Contract),Sales & Marketing,Agency Contractor,Toronto
Senior Recruiting Operations Specialist (Contract),Talent Acquisition,Agency Contractor,Los Angeles
Senior Talent Sourcer (Contract),Talent Acquisition,Agency Contractor,Los Angeles
Talent Sourcer (Contract),Talent Acquisition,Agency Contractor,Los Angeles
Trust & Safety Content Review Associate (Contract),Customer Operations,Agency Contractor,Los Angeles
